Year,Round,HigherSeed,Score,HigherTeam,LowerTeam,Score,LowerSeed,Winner
2002,1,1,84,Duke,Winthrop,37,16,Duke
2002,1,2,86,Alabama,Florida Atlantic,78,15,Alabama
2002,1,3,71,Pittsburgh,Central Connecticut St,54,14,Pittsburgh
2002,1,4,89,USC,UNC Wilmington,93,13,UNC Wilmington
2002,1,5,75,Indiana,Utah,56,12,Indiana
2002,1,6,82,California,Pennsylvania,75,11,California
2002,1,7,61,Oklahoma St,Kent St,69,10,Kent St
2002,1,8,82,Notre Dame,Charlotte,63,9,Notre Dame
2002,1,1,90,Cincinnati,Boston University,52,16,Cincinnati
2002,1,2,71,Oklahoma,Illinois Chicago,63,15,Oklahoma
2002,1,3,86,Arizona,Santa Barbara,81,14,Arizona
2002,1,4,69,Ohio St,Davidson,64,13,Ohio St
2002,1,5,80,Miami,Missouri,93,12,Missouri
2002,1,6,66,Gonzaga,Wyoming,73,11,Wyoming
2002,1,7,70,Xavier,Hawaii,58,10,Xavier
2002,1,8,80,UCLA,Ole Miss,58,9,UCLA
2002,1,1,85,Maryland,Siena,70,16,Maryland
2002,1,2,78,Connecticut,Hampton,67,15,Connecticut
2002,1,3,85,Georgia,Murray St,68,14,Georgia
2002,1,4,83,Kentucky,Valparaiso,68,13,Kentucky
2002,1,5,69,Marquette,Tulsa,71,12,Tulsa
2002,1,6,68,Texas Tech,Southern Illinois,76,11,Southern Illinois
2002,1,7,69,NC State,Michigan St,58,10,NC State
2002,1,8,80,Wisconsin,St Johns,70,9,Wisconsin
2002,1,1,70,Kansas,Holy Cross,59,16,Kansas
2002,1,2,81,Oregon,Montana,62,15,Oregon
2002,1,3,70,Mississippi St,McNeese St,58,14,Mississippi St
2002,1,4,93,Illinois,San Diego St,64,13,Illinois
2002,1,5,82,Florida,Creighton,83,12,Creighton
2002,1,6,70,Texas,Boston College,57,11,Texas
2002,1,7,83,Wake Forest,Pepperdine,74,10,Wake Forest
2002,1,8,84,Stanford,Western Kentucky,68,9,Stanford
2002,2,1,84,Duke,Notre Dame,77,8,Duke
2002,2,2,58,Alabama,Kent St,71,10,Kent St
2002,2,3,63,Pittsburgh,California,50,6,Pittsburgh
2002,2,13,67,UNC Wilmington,Indiana,76,5,Indiana
2002,2,1,101,Cincinnati,UCLA,105,8,UCLA
2002,2,2,78,Oklahoma,Xavier,65,7,Oklahoma
2002,2,3,68,Arizona,Wyoming,60,11,Arizona
2002,2,4,67,Ohio St,Missouri,83,12,Missouri
2002,2,1,87,Maryland,Wisconsin,57,8,Maryland
2002,2,2,77,Connecticut,NC State,74,7,Connecticut
2002,2,3,75,Georgia,Southern Illinois,77,11,Southern Illinois
2002,2,4,87,Kentucky,Tulsa,82,12,Kentucky
2002,2,1,86,Kansas,Stanford,63,8,Kansas
2002,2,2,92,Oregon,Wake Forest,87,7,Oregon
2002,2,3,64,Mississippi St,Texas,68,6,Texas
2002,2,4,72,Illinois,Creighton,60,12,Illinois
2002,3,1,73,Duke,Indiana,74,5,Indiana
2002,3,10,78,Kent St,Pittsburgh,73,3,Kent St
2002,3,8,73,UCLA,Missouri,82,12,Missouri
2002,3,2,88,Oklahoma,Arizona,67,3,Oklahoma
2002,3,1,78,Maryland,Kentucky,68,4,Maryland
2002,3,2,71,Connecticut,Southern Illinois,59,11,Connecticut
2002,3,1,73,Kansas,Illinois,69,4,Kansas
2002,3,2,72,Oregon,Texas,70,6,Oregon
2002,4,5,81,Indiana,Kent St,69,10,Indiana
2002,4,12,75,Missouri,Oklahoma,81,2,Oklahoma
2002,4,1,90,Maryland,Connecticut,82,2,Maryland
2002,4,1,104,Kansas,Oregon,86,2,Kansas
2002,5,5,73,Indiana,Oklahoma,64,2,Indiana
2002,5,1,97,Maryland,Kansas,88,1,Maryland
2002,6,5,52,Indiana,Maryland,64,1,Maryland
2003,1,1,95,Kentucky,IUPUI,64,16,Kentucky
2003,1,2,87,Pittsburgh,Wagner,61,15,Pittsburgh
2003,1,3,72,Marquette,Holy Cross,68,14,Marquette
2003,1,4,71,Dayton,Tulsa,84,13,Tulsa
2003,1,5,81,Wisconsin,Weber St,74,12,Wisconsin
2003,1,6,72,Missouri,Southern Illinois,71,11,Missouri
2003,1,7,67,Indiana,Alabama,62,10,Indiana
2003,1,8,58,Oregon,Utah,60,9,Utah
2003,1,1,80,Arizona,Vermont,51,16,Arizona
2003,1,2,64,Kansas,Utah St,61,15,Kansas
2003,1,3,67,Duke,Colorado St,57,14,Duke
2003,1,4,65,Illinois,Western Kentucky,60,13,Illinois
2003,1,5,70,Notre Dame,Wisconsin Milwaukee,69,12,Notre Dame
2003,1,6,73,Creighton,Central Michigan,79,11,Central Michigan
2003,1,7,71,Memphis,Arizona St,84,10,Arizona St
2003,1,8,69,Cincinnati,Gonzaga,74,9,Gonzaga
2003,1,1,82,Texas,UNC Asheville,61,16,Texas
2003,1,2,85,Florida,Sam Houston St,55,15,Florida
2003,1,3,71,Xavier,Troy,59,14,Xavier
2003,1,4,77,Stanford,San Diego,69,13,Stanford
2003,1,5,58,Connecticut,BYU,53,12,Connecticut
2003,1,6,75,Maryland,UNC Wilmington,73,11,Maryland
2003,1,7,79,Michigan St,Colorado,64,10,Michigan St
2003,1,8,56,LSU,Purdue,80,9,Purdue
2003,1,1,71,Oklahoma,South Carolina St,54,16,Oklahoma
2003,1,2,76,Wake Forest,East Tennessee St,73,15,Wake Forest
2003,1,3,76,Syracuse,Manhattan,65,14,Syracuse
2003,1,4,86,Louisville,Austin Peay,64,13,Louisville
2003,1,5,46,Mississippi St,Butler,47,12,Butler
2003,1,6,77,Oklahoma St,Pennsylvania,63,11,Oklahoma St
2003,1,7,63,St Josephs,Auburn,65,10,Auburn
2003,1,8,76,California,NC State,74,9,California
2003,2,1,74,Kentucky,Utah,54,9,Kentucky
2003,2,2,74,Pittsburgh,Indiana,52,7,Pittsburgh
2003,2,3,101,Marquette,Missouri,92,6,Marquette
2003,2,13,60,Tulsa,Wisconsin,61,5,Wisconsin
2003,2,1,96,Arizona,Gonzaga,95,9,Arizona
2003,2,2,108,Kansas,Arizona St,76,10,Kansas
2003,2,3,86,Duke,Central Michigan,60,11,Duke
2003,2,4,60,Illinois,Notre Dame,68,5,Notre Dame
2003,2,1,77,Texas,Purdue,67,9,Texas
2003,2,2,46,Florida,Michigan St,68,7,Michigan St
2003,2,3,64,Xavier,Maryland,77,6,Maryland
2003,2,4,74,Stanford,Connecticut,85,5,Connecticut
2003,2,1,74,Oklahoma,California,65,8,Oklahoma
2003,2,2,62,Wake Forest,Auburn,68,10,Auburn
2003,2,3,68,Syracuse,Oklahoma St,56,6,Syracuse
2003,2,4,71,Louisville,Butler,79,12,Butler
2003,3,1,63,Kentucky,Wisconsin,57,5,Kentucky
2003,3,2,74,Pittsburgh,Marquette,77,3,Marquette
2003,3,1,88,Arizona,Notre Dame,71,5,Arizona
2003,3,2,69,Kansas,Duke,65,3,Kansas
2003,3,1,82,Texas,Connecticut,78,5,Texas
2003,3,7,60,Michigan St,Maryland,58,6,Michigan St
2003,3,1,65,Oklahoma,Butler,54,12,Oklahoma
2003,3,10,78,Auburn,Syracuse,79,3,Syracuse
2003,4,1,69,Kentucky,Marquette,83,3,Marquette
2003,4,1,75,Arizona,Kansas,78,2,Kansas
2003,4,1,85,Texas,Michigan St,76,7,Texas
2003,4,1,47,Oklahoma,Syracuse,63,3,Syracuse
2003,5,3,61,Marquette,Kansas,94,2,Kansas
2003,5,1,84,Texas,Syracuse,95,3,Syracuse
2003,6,2,78,Kansas,Syracuse,81,3,Syracuse
2004,1,1,96,Kentucky,Florida A&M,76,16,Kentucky
2004,1,2,76,Gonzaga,Valparaiso,49,15,Gonzaga
2004,1,3,65,Georgia Tech,Northern Iowa,60,14,Georgia Tech
2004,1,4,78,Kansas,Illinois Chicago,53,13,Kansas
2004,1,5,58,Providence,Pacific,66,12,Pacific
2004,1,6,58,Boston College,Utah,51,11,Boston College
2004,1,7,66,Michigan St,Nevada,72,10,Nevada
2004,1,8,100,Washington,UAB,102,9,UAB
2004,1,1,82,St Josephs,Liberty,63,16,St Josephs
2004,1,2,75,Oklahoma St,Eastern Washington,56,15,Oklahoma St
2004,1,3,53,Pittsburgh,Central Florida,44,14,Pittsburgh
2004,1,4,79,Wake Forest,VCU,78,13,Wake Forest
2004,1,5,60,Florida,Manhattan,75,12,Manhattan
2004,1,6,76,Wisconsin,Richmond,64,11,Wisconsin
2004,1,7,59,Memphis,South Carolina,43,10,Memphis
2004,1,8,76,Texas Tech,Charlotte,73,9,Texas Tech
2004,1,1,96,Duke,Alabama St,61,16,Duke
2004,1,2,85,Mississippi St,Monmouth,52,15,Mississippi St
2004,1,3,66,Texas,Princeton,49,14,Texas
2004,1,4,80,Cincinnati,East Tennessee St,77,13,Cincinnati
2004,1,5,72,Illinois,Murray St,53,12,Illinois
2004,1,6,63,North Carolina,Air Force,52,11,North Carolina
2004,1,7,80,Xavier,Louisville,70,10,Xavier
2004,1,8,80,Seton Hall,Arizona,76,9,Seton Hall
2004,1,1,71,Stanford,Texas San Antonio,45,16,Stanford
2004,1,2,70,Connecticut,Vermont,53,15,Connecticut
2004,1,3,61,NC State,Louisiana Lafayette,52,14,NC State
2004,1,4,86,Maryland,UTEP,83,13,Maryland
2004,1,5,80,Syracuse,BYU,75,12,Syracuse
2004,1,6,71,Vanderbilt,Western Michigan,58,11,Vanderbilt
2004,1,7,76,DePaul,Dayton,69,10,DePaul
2004,1,8,65,Alabama,Southern Illinois,64,9,Alabama
2004,2,1,75,Kentucky,UAB,76,9,UAB
2004,2,2,72,Gonzaga,Nevada,91,10,Nevada
2004,2,3,57,Georgia Tech,Boston College,54,6,Georgia Tech
2004,2,4,78,Kansas,Pacific,63,12,Kansas
2004,2,1,70,St Josephs,Texas Tech,65,8,St Josephs
2004,2,2,70,Oklahoma St,Memphis,53,7,Oklahoma St
2004,2,3,59,Pittsburgh,Wisconsin,55,6,Pittsburgh
2004,2,4,84,Wake Forest,Manhattan,80,12,Wake Forest
2004,2,1,90,Duke,Seton Hall,62,8,Duke
2004,2,2,74,Mississippi St,Xavier,89,7,Xavier
2004,2,3,78,Texas,North Carolina,75,6,Texas
2004,2,4,68,Cincinnati,Illinois,92,5,Illinois
2004,2,1,67,Stanford,Alabama,70,8,Alabama
2004,2,2,72,Connecticut,DePaul,55,7,Connecticut
2004,2,3,73,NC State,Vanderbilt,75,6,Vanderbilt
2004,2,4,70,Maryland,Syracuse,72,5,Syracuse
2004,3,9,74,UAB,Kansas,100,4,Kansas
2004,3,10,67,Nevada,Georgia Tech,72,3,Georgia Tech
2004,3,1,84,St Josephs,Wake Forest,80,4,St Josephs
2004,3,2,63,Oklahoma St,Pittsburgh,51,3,Oklahoma St
2004,3,1,72,Duke,Illinois,62,5,Duke
2004,3,7,79,Xavier,Texas,71,3,Xavier
2004,3,8,80,Alabama,Syracuse,71,5,Alabama
2004,3,2,73,Connecticut,Vanderbilt,53,6,Connecticut
2004,4,4,71,Kansas,Georgia Tech,79,3,Georgia Tech
2004,4,1,62,St Josephs,Oklahoma St,64,2,Oklahoma St
2004,4,1,66,Duke,Xavier,63,7,Duke
2004,4,8,71,Alabama,Connecticut,87,2,Connecticut
2004,5,3,67,Georgia Tech,Oklahoma St,65,2,Georgia Tech
2004,5,1,78,Duke,Connecticut,79,2,Connecticut
2004,6,3,73,Georgia Tech,Connecticut,82,2,Connecticut
2005,1,1,67,Illinois,Fairleigh Dickinson,55,16,Illinois
2005,1,2,63,Oklahoma St,Southeastern Louisiana,50,15,Oklahoma St
2005,1,3,66,Arizona,Utah St,53,14,Arizona
2005,1,4,85,Boston College,Pennsylvania,65,13,Boston College
2005,1,5,73,Alabama,Wisconsin Milwaukee,83,12,Wisconsin Milwaukee
2005,1,6,68,LSU,UAB,82,11,UAB
2005,1,7,65,Southern Illinois,St Marys,56,10,Southern Illinois
2005,1,8,57,Texas,Nevada,61,9,Nevada
2005,1,1,88,Washington,Montana,77,16,Washington
2005,1,2,70,Wake Forest,Chattanooga,54,15,Wake Forest
2005,1,3,74,Gonzaga,Winthrop,64,14,Gonzaga
2005,1,4,68,Louisville,Louisiana Lafayette,62,13,Louisville
2005,1,5,80,Georgia Tech,George Washington,68,12,Georgia Tech
2005,1,6,78,Texas Tech,UCLA,66,11,Texas Tech
2005,1,7,63,West Virginia,Creighton,61,10,West Virginia
2005,1,8,79,Pacific,Pittsburgh,71,9,Pacific
2005,1,1,96,North Carolina,Oakland,68,16,North Carolina
2005,1,2,77,Connecticut,Central Florida,71,15,Connecticut
2005,1,3,63,Kansas,Bucknell,64,14,Bucknell
2005,1,4,67,Florida,Ohio,62,13,Florida
2005,1,5,55,Villanova,New Mexico,47,12,Villanova
2005,1,6,57,Wisconsin,Northern Iowa,52,11,Wisconsin
2005,1,7,63,Charlotte,NC State,75,10,NC State
2005,1,8,53,Minnesota,Iowa St,64,9,Iowa St
2005,1,1,63,Duke,Delaware St,46,16,Duke
2005,1,2,72,Kentucky,Eastern Kentucky,64,15,Kentucky
2005,1,3,84,Oklahoma,Niagara,67,14,Oklahoma
2005,1,4,57,Syracuse,Vermont,60,13,Vermont
2005,1,5,89,Michigan St,Old Dominion,81,12,Michigan St
2005,1,6,60,Utah,UTEP,54,11,Utah
2005,1,7,76,Cincinnati,Iowa,64,10,Cincinnati
2005,1,8,70,Stanford,Mississippi St,93,9,Mississippi St
2005,2,1,71,Illinois,Nevada,59,9,Illinois
2005,2,2,85,Oklahoma St,Southern Illinois,77,7,Oklahoma St
2005,2,3,85,Arizona,UAB,63,11,Arizona
2005,2,4,75,Boston College,Wisconsin Milwaukee,83,12,Wisconsin Milwaukee
2005,2,1,97,Washington,Pacific,79,8,Washington
2005,2,2,105,Wake Forest,West Virginia,111,7,West Virginia
2005,2,3,69,Gonzaga,Texas Tech,71,6,Texas Tech
2005,2,4,76,Louisville,Georgia Tech,54,5,Louisville
2005,2,1,92,North Carolina,Iowa St,65,9,North Carolina
2005,2,2,62,Connecticut,NC State,65,10,NC State
2005,2,14,62,Bucknell,Wisconsin,71,6,Wisconsin
2005,2,4,65,Florida,Villanova,76,5,Villanova
2005,2,1,63,Duke,Mississippi St,55,9,Duke
2005,2,2,69,Kentucky,Cincinnati,60,7,Kentucky
2005,2,3,58,Oklahoma,Utah,67,6,Utah
2005,2,13,61,Vermont,Michigan St,72,5,Michigan St
2005,3,1,77,Illinois,Wisconsin Milwaukee,63,12,Illinois
2005,3,2,78,Oklahoma St,Arizona,79,3,Arizona
2005,3,1,79,Washington,Louisville,93,4,Louisville
2005,3,7,65,West Virginia,Texas Tech,60,6,West Virginia
2005,3,1,67,North Carolina,Villanova,66,5,North Carolina
2005,3,10,56,NC State,Wisconsin,65,6,Wisconsin
2005,3,1,68,Duke,Michigan St,78,5,Michigan St
2005,3,2,62,Kentucky,Utah,52,6,Kentucky
2005,4,1,90,Illinois,Arizona,89,3,Illinois
2005,4,4,93,Louisville,West Virginia,85,7,Louisville
2005,4,1,88,North Carolina,Wisconsin,82,6,North Carolina
2005,4,5,94,Michigan St,Kentucky,88,2,Michigan St
2005,5,1,72,Illinois,Louisville,57,4,Illinois
2005,5,1,87,North Carolina,Michigan St,71,5,North Carolina
2005,6,1,70,Illinois,North Carolina,75,1,North Carolina
2006,1,1,70,Duke,Southern,54,16,Duke
2006,1,2,60,Texas,Pennsylvania,52,15,Texas
2006,1,3,63,Iowa,Northwestern St,64,14,Northwestern St
2006,1,4,80,LSU,Iona,64,13,LSU
2006,1,5,58,Syracuse,Texas A&M,66,12,Texas A&M
2006,1,6,64,West Virginia,Southern Illinois,46,11,West Virginia
2006,1,7,52,California,NC State,58,10,NC State
2006,1,8,88,George Washington,UNC Wilmington,85,9,George Washington
2006,1,1,94,Memphis,Oral Roberts,78,16,Memphis
2006,1,2,78,UCLA,Belmont,44,15,UCLA
2006,1,3,79,Gonzaga,Xavier,75,14,Gonzaga
2006,1,4,73,Kansas,Bradley,77,13,Bradley
2006,1,5,79,Pittsburgh,Kent St,64,12,Pittsburgh
2006,1,6,87,Indiana,San Diego St,83,11,Indiana
2006,1,7,85,Marquette,Alabama,90,10,Alabama
2006,1,8,55,Arkansas,Bucknell,59,9,Bucknell
2006,1,1,72,Connecticut,Albany,59,16,Connecticut
2006,1,2,63,Tennessee,Winthrop,61,15,Tennessee
2006,1,3,69,North Carolina,Murray St,65,14,North Carolina
2006,1,4,78,Illinois,Air Force,69,13,Illinois
2006,1,5,75,Washington,Utah St,61,12,Washington
2006,1,6,65,Michigan St,George Mason,75,11,George Mason
2006,1,7,86,Wichita St,Seton Hall,66,10,Wichita St
2006,1,8,69,Kentucky,UAB,64,9,Kentucky
2006,1,1,58,Villanova,Monmouth,45,16,Villanova
2006,1,2,70,Ohio St,Davidson,62,15,Ohio St
2006,1,3,76,Florida,South Alabama,50,14,Florida
2006,1,4,88,Boston College,Pacific,76,13,Boston College
2006,1,5,79,Nevada,Montana,87,12,Montana
2006,1,6,74,Oklahoma,Wisconsin Milwaukee,82,11,Wisconsin Milwaukee
2006,1,7,54,Georgetown,Northern Iowa,49,10,Georgetown
2006,1,8,94,Arizona,Wisconsin,75,9,Arizona
2006,2,1,74,Duke,George Washington,61,8,Duke
2006,2,2,75,Texas,NC State,54,10,Texas
2006,2,14,54,Northwestern St,West Virginia,67,6,West Virginia
2006,2,4,58,LSU,Texas A&M,57,12,LSU
2006,2,1,72,Memphis,Bucknell,56,9,Memphis
2006,2,2,62,UCLA,Alabama,59,10,UCLA
2006,2,3,90,Gonzaga,Indiana,80,6,Gonzaga
2006,2,13,72,Bradley,Pittsburgh,66,5,Bradley
2006,2,1,87,Connecticut,Kentucky,83,8,Connecticut
2006,2,2,73,Tennessee,Wichita St,80,7,Wichita St
2006,2,3,60,North Carolina,George Mason,65,11,George Mason
2006,2,4,64,Illinois,Washington,67,5,Washington
2006,2,1,82,Villanova,Arizona,78,8,Villanova
2006,2,2,52,Ohio St,Georgetown,70,7,Georgetown
2006,2,3,82,Florida,Wisconsin Milwaukee,60,11,Florida
2006,2,4,69,Boston College,Montana,56,12,Boston College
2006,3,1,54,Duke,LSU,62,4,LSU
2006,3,2,74,Texas,West Virginia,71,6,Texas
2006,3,1,80,Memphis,Bradley,64,13,Memphis
2006,3,2,73,UCLA,Gonzaga,71,3,UCLA
2006,3,1,98,Connecticut,Washington,92,5,Connecticut
2006,3,7,55,Wichita St,George Mason,63,11,George Mason
2006,3,1,60,Villanova,Boston College,59,4,Villanova
2006,3,7,53,Georgetown,Florida,57,3,Florida
2006,4,4,70,LSU,Texas,60,2,LSU
2006,4,1,45,Memphis,UCLA,50,2,UCLA
2006,4,1,84,Connecticut,George Mason,86,11,George Mason
2006,4,1,62,Villanova,Florida,75,3,Florida
2006,5,4,45,LSU,UCLA,59,2,UCLA
2006,5,11,58,George Mason,Florida,73,3,Florida
2006,6,2,57,UCLA,Florida,73,3,Florida
2007,1,1,112,Florida,Jackson St,69,16,Florida
2007,1,2,76,Wisconsin,Texas A&M Corpus Christi,63,15,Wisconsin
2007,1,3,58,Oregon,Miami Ohio,56,14,Oregon
2007,1,4,82,Maryland,Davidson,70,13,Maryland
2007,1,5,57,Butler,Old Dominion,46,12,Butler
2007,1,6,64,Notre Dame,Winthrop,74,11,Winthrop
2007,1,7,67,UNLV,Georgia Tech,63,10,UNLV
2007,1,8,63,Arizona,Purdue,72,9,Purdue
2007,1,1,107,Kansas,Niagara,67,16,Kansas
2007,1,2,70,UCLA,Weber St,42,15,UCLA
2007,1,3,79,Pittsburgh,Wright St,58,14,Pittsburgh
2007,1,4,61,Southern Illinois,Holy Cross,51,13,Southern Illinois
2007,1,5,54,Virginia Tech,Illinois,52,12,Virginia Tech
2007,1,6,77,Duke,VCU,79,11,VCU
2007,1,7,70,Indiana,Gonzaga,57,10,Indiana
2007,1,8,67,Kentucky,Villanova,58,9,Kentucky
2007,1,1,85,North Carolina,Eastern Kentucky,65,16,North Carolina
2007,1,2,80,Georgetown,Belmont,55,15,Georgetown
2007,1,3,70,Washington St,Oral Roberts,54,14,Washington St
2007,1,4,79,Texas,New Mexico St,67,13,Texas
2007,1,5,77,USC,Arkansas,60,12,USC
2007,1,6,77,Vanderbilt,George Washington,44,11,Vanderbilt
2007,1,7,84,Boston College,Texas Tech,75,10,Boston College
2007,1,8,49,Marquette,Michigan St,61,9,Michigan St
2007,1,1,78,Ohio St,Central Connecticut St,57,16,Ohio St
2007,1,2,73,Memphis,North Texas,58,15,Memphis
2007,1,3,68,Texas A&M,Pennsylvania,52,14,Texas A&M
2007,1,4,84,Virginia,Albany,57,13,Virginia
2007,1,5,121,Tennessee,Long Beach St,86,12,Tennessee
2007,1,6,78,Louisville,Stanford,58,11,Louisville
2007,1,7,77,Nevada,Creighton,71,10,Nevada
2007,1,8,77,BYU,Xavier,79,9,Xavier
2007,2,1,74,Florida,Purdue,67,9,Florida
2007,2,2,68,Wisconsin,UNLV,74,7,UNLV
2007,2,3,75,Oregon,Winthrop,61,11,Oregon
2007,2,4,59,Maryland,Butler,62,5,Butler
2007,2,1,88,Kansas,Kentucky,76,8,Kansas
2007,2,2,54,UCLA,Indiana,49,7,UCLA
2007,2,3,84,Pittsburgh,VCU,79,11,Pittsburgh
2007,2,4,63,Southern Illinois,Virginia Tech,48,5,Southern Illinois
2007,2,1,81,North Carolina,Michigan St,67,9,North Carolina
2007,2,2,62,Georgetown,Boston College,55,7,Georgetown
2007,2,3,74,Washington St,Vanderbilt,78,6,Vanderbilt
2007,2,4,68,Texas,USC,87,5,USC
2007,2,1,78,Ohio St,Xavier,71,9,Ohio St
2007,2,2,78,Memphis,Nevada,62,7,Memphis
2007,2,3,72,Texas A&M,Louisville,69,6,Texas A&M
2007,2,4,74,Virginia,Tennessee,77,5,Tennessee
2007,3,1,65,Florida,Butler,57,5,Florida
2007,3,7,72,UNLV,Oregon,76,3,Oregon
2007,3,1,61,Kansas,Southern Illinois,58,4,Kansas
2007,3,2,64,UCLA,Pittsburgh,55,3,UCLA
2007,3,1,74,North Carolina,USC,64,5,North Carolina
2007,3,2,66,Georgetown,Vanderbilt,65,6,Georgetown
2007,3,1,85,Ohio St,Tennessee,84,5,Ohio St
2007,3,2,65,Memphis,Texas A&M,64,3,Memphis
2007,4,1,85,Florida,Oregon,77,3,Florida
2007,4,1,55,Kansas,UCLA,68,2,UCLA
2007,4,1,84,North Carolina,Georgetown,96,2,Georgetown
2007,4,1,92,Ohio St,Memphis,76,2,Ohio St
2007,5,1,76,Florida,UCLA,66,2,Florida
2007,5,2,60,Georgetown,Ohio St,67,1,Ohio St
2007,6,1,84,Florida,Ohio St,75,1,Florida
2008,1,1,113,North Carolina,Mount St Marys,74,16,North Carolina
2008,1,2,72,Tennessee,American,57,15,Tennessee
2008,1,3,79,Louisville,Boise St,61,14,Louisville
2008,1,4,71,Washington St,Winthrop,40,13,Washington St
2008,1,5,68,Notre Dame,George Mason,50,12,Notre Dame
2008,1,6,72,Oklahoma,St Josephs,64,11,Oklahoma
2008,1,7,81,Butler,South Alabama,61,10,Butler
2008,1,8,72,Indiana,Arkansas,86,9,Arkansas
2008,1,1,85,Kansas,Portland St,61,16,Kansas
2008,1,2,66,Georgetown,UMBC,47,15,Georgetown
2008,1,3,71,Wisconsin,Cal St Fullerton,56,14,Wisconsin
2008,1,4,62,Vanderbilt,Siena,83,13,Siena
2008,1,5,69,Clemson,Villanova,75,12,Villanova
2008,1,6,67,USC,Kansas St,80,11,Kansas St
2008,1,7,76,Gonzaga,Davidson,82,10,Davidson
2008,1,8,71,UNLV,Kent St,58,9,UNLV
2008,1,1,87,Memphis,Texas Arlington,63,16,Memphis
2008,1,2,74,Texas,Austin Peay,54,15,Texas
2008,1,3,77,Stanford,Cornell,53,14,Stanford
2008,1,4,82,Pittsburgh,Oral Roberts,63,13,Pittsburgh
2008,1,5,72,Michigan St,Temple,61,12,Michigan St
2008,1,6,74,Marquette,Kentucky,66,11,Marquette
2008,1,7,78,Miami,St Marys,64,10,Miami
2008,1,8,76,Mississippi St,Oregon,69,9,Mississippi St
2008,1,1,70,UCLA,Mississippi Valley St,29,16,UCLA
2008,1,2,71,Duke,Belmont,70,15,Duke
2008,1,3,73,Xavier,Georgia,61,14,Xavier
2008,1,4,69,Connecticut,San Diego,70,13,San Diego
2008,1,5,99,Drake,Western Kentucky,101,12,Western Kentucky
2008,1,6,90,Purdue,Baylor,79,11,Purdue
2008,1,7,75,West Virginia,Arizona,65,10,West Virginia
2008,1,8,62,BYU,Texas A&M,67,9,Texas A&M
2008,2,1,108,North Carolina,Arkansas,77,9,North Carolina
2008,2,2,76,Tennessee,Butler,71,7,Tennessee
2008,2,3,78,Louisville,Oklahoma,48,6,Louisville
2008,2,4,61,Washington St,Notre Dame,41,5,Washington St
2008,2,1,75,Kansas,UNLV,56,8,Kansas
2008,2,2,70,Georgetown,Davidson,74,10,Davidson
2008,2,3,72,Wisconsin,Kansas St,55,11,Wisconsin
2008,2,13,72,Siena,Villanova,84,12,Villanova
2008,2,1,77,Memphis,Mississippi St,74,8,Memphis
2008,2,2,75,Texas,Miami,72,7,Texas
2008,2,3,82,Stanford,Marquette,81,6,Stanford
2008,2,4,54,Pittsburgh,Michigan St,65,5,Michigan St
2008,2,1,51,UCLA,Texas A&M,49,9,UCLA
2008,2,2,67,Duke,West Virginia,73,7,West Virginia
2008,2,3,85,Xavier,Purdue,78,6,Xavier
2008,2,13,63,San Diego,Western Kentucky,72,12,Western Kentucky
2008,3,1,68,North Carolina,Washington St,47,4,North Carolina
2008,3,2,60,Tennessee,Louisville,79,3,Louisville
2008,3,1,72,Kansas,Villanova,57,12,Kansas
2008,3,10,73,Davidson,Wisconsin,56,3,Davidson
2008,3,1,92,Memphis,Michigan St,74,5,Memphis
2008,3,2,82,Texas,Stanford,62,3,Texas
2008,3,1,88,UCLA,Western Kentucky,78,12,UCLA
2008,3,7,75,West Virginia,Xavier,79,3,Xavier
2008,4,1,83,North Carolina,Louisville,73,3,North Carolina
2008,4,1,59,Kansas,Davidson,57,10,Kansas
2008,4,1,85,Memphis,Texas,67,2,Memphis
2008,4,1,76,UCLA,Xavier,57,3,UCLA
2008,5,1,66,North Carolina,Kansas,84,1,Kansas
2008,5,1,78,Memphis,UCLA,63,1,Memphis
2008,6,1,75,Kansas,Memphis,68,1,Kansas
2009,1,1,74,Louisville,Morehead St,54,16,Louisville
2009,1,2,77,Michigan St,Robert Morris,62,15,Michigan St
2009,1,3,84,Kansas,North Dakota St,74,14,Kansas
2009,1,4,69,Wake Forest,Cleveland St,84,13,Cleveland St
2009,1,5,71,Utah,Arizona,84,12,Arizona
2009,1,6,60,West Virginia,Dayton,68,11,Dayton
2009,1,7,55,Boston College,USC,72,10,USC
2009,1,8,72,Ohio St,Siena,74,9,Siena
2009,1,1,103,Connecticut,Chattanooga,47,16,Connecticut
2009,1,2,81,Memphis,Cal St Northridge,70,15,Memphis
2009,1,3,78,Missouri,Cornell,59,14,Missouri
2009,1,4,71,Washington,Mississippi St,58,13,Washington
2009,1,5,61,Purdue,Northern Iowa,56,12,Purdue
2009,1,6,58,Marquette,Utah St,57,11,Marquette
2009,1,7,71,California,Maryland,84,10,Maryland
2009,1,8,66,BYU,Texas A&M,79,9,Texas A&M
2009,1,1,72,Pittsburgh,East Tennessee St,62,16,Pittsburgh
2009,1,2,85,Duke,Binghamton,62,15,Duke
2009,1,3,80,Villanova,American,67,14,Villanova
2009,1,4,77,Xavier,Portland St,59,13,Xavier
2009,1,5,59,Florida St,Wisconsin,61,12,Wisconsin
2009,1,6,65,UCLA,VCU,64,11,UCLA
2009,1,7,76,Texas,Minnesota,62,10,Texas
2009,1,8,77,Oklahoma St,Tennessee,75,9,Oklahoma St
2009,1,1,101,North Carolina,Radford,58,16,North Carolina
2009,1,2,82,Oklahoma,Morgan St,54,15,Oklahoma
2009,1,3,59,Syracuse,Stephen F Austin,44,14,Syracuse
2009,1,4,77,Gonzaga,Akron,64,13,Gonzaga
2009,1,5,72,Illinois,Western Kentucky,76,12,Western Kentucky
2009,1,6,66,Arizona St,Temple,57,11,Arizona St
2009,1,7,59,Clemson,Michigan,62,10,Michigan
2009,1,8,75,LSU,Butler,71,9,LSU
2009,2,1,79,Louisville,Siena,72,9,Louisville
2009,2,2,74,Michigan St,USC,69,10,Michigan St
2009,2,3,60,Kansas,Dayton,43,11,Kansas
2009,2,13,57,Cleveland St,Arizona,71,12,Arizona
2009,2,1,92,Connecticut,Texas A&M,66,9,Connecticut
2009,2,2,89,Memphis,Maryland,70,10,Memphis
2009,2,3,83,Missouri,Marquette,79,6,Missouri
2009,2,4,74,Washington,Purdue,76,5,Purdue
2009,2,1,84,Pittsburgh,Oklahoma St,76,8,Pittsburgh
2009,2,2,74,Duke,Texas,69,7,Duke
2009,2,3,89,Villanova,UCLA,69,6,Villanova
2009,2,4,60,Xavier,Wisconsin,49,12,Xavier
2009,2,1,84,North Carolina,LSU,70,8,North Carolina
2009,2,2,73,Oklahoma,Michigan,63,10,Oklahoma
2009,2,3,78,Syracuse,Arizona St,67,6,Syracuse
2009,2,4,83,Gonzaga,Western Kentucky,81,12,Gonzaga
2009,3,1,103,Louisville,Arizona,64,12,Louisville
2009,3,2,67,Michigan St,Kansas,62,3,Michigan St
2009,3,1,72,Connecticut,Purdue,60,5,Connecticut
2009,3,2,91,Memphis,Missouri,102,3,Missouri
2009,3,1,60,Pittsburgh,Xavier,55,4,Pittsburgh
2009,3,2,54,Duke,Villanova,77,3,Villanova
2009,3,1,98,North Carolina,Gonzaga,77,4,North Carolina
2009,3,2,84,Oklahoma,Syracuse,71,3,Oklahoma
2009,4,1,52,Louisville,Michigan St,64,2,Michigan St
2009,4,1,82,Connecticut,Missouri,75,3,Connecticut
2009,4,1,76,Pittsburgh,Villanova,78,3,Villanova
2009,4,1,72,North Carolina,Oklahoma,60,2,North Carolina
2009,5,2,82,Michigan St,Connecticut,73,1,Michigan St
2009,5,3,69,Villanova,North Carolina,83,1,North Carolina
2009,6,2,72,Michigan St,North Carolina,89,1,North Carolina
2010,1,1,90,Kansas,Lehigh,74,16,Kansas
2010,1,2,68,Ohio St,Santa Barbara,51,15,Ohio St
2010,1,3,83,Georgetown,Ohio,97,14,Ohio
2010,1,4,89,Maryland,Houston,77,13,Maryland
2010,1,5,70,Michigan St,New Mexico St,67,12,Michigan St
2010,1,6,62,Tennessee,San Diego St,59,11,Tennessee
2010,1,7,59,Oklahoma St,Georgia Tech,64,10,Georgia Tech
2010,1,8,66,UNLV,Northern Iowa,69,9,Northern Iowa
2010,1,1,79,Syracuse,Vermont,56,16,Syracuse
2010,1,2,82,Kansas St,North Texas,62,15,Kansas St
2010,1,3,89,Pittsburgh,Oakland,66,14,Pittsburgh
2010,1,4,65,Vanderbilt,Murray St,66,13,Murray St
2010,1,5,77,Butler,UTEP,59,12,Butler
2010,1,6,65,Xavier,Minnesota,54,11,Xavier
2010,1,7,99,BYU,Florida,92,10,BYU
2010,1,8,67,Gonzaga,Florida St,60,9,Gonzaga
2010,1,1,100,Kentucky,East Tennessee St,71,16,Kentucky
2010,1,2,77,West Virginia,Morgan St,50,15,West Virginia
2010,1,3,62,New Mexico,Montana,57,14,New Mexico
2010,1,4,53,Wisconsin,Wofford,49,13,Wisconsin
2010,1,5,65,Temple,Cornell,78,12,Cornell
2010,1,6,78,Marquette,Washington,80,11,Washington
2010,1,7,78,Clemson,Missouri,86,10,Missouri
2010,1,8,80,Texas,Wake Forest,81,9,Wake Forest
2010,1,1,73,Duke,Arkansas Pine Bluff,44,16,Duke
2010,1,2,73,Villanova,Robert Morris,70,15,Villanova
2010,1,3,68,Baylor,Sam Houston St,59,14,Baylor
2010,1,4,72,Purdue,Siena,64,13,Purdue
2010,1,5,69,Texas A&M,Utah St,53,12,Texas A&M
2010,1,6,50,Notre Dame,Old Dominion,51,11,Old Dominion
2010,1,7,71,Richmond,St Marys,80,10,St Marys
2010,1,8,77,California,Louisville,62,9,California
2010,2,1,67,Kansas,Northern Iowa,69,9,Northern Iowa
2010,2,2,75,Ohio St,Georgia Tech,66,10,Ohio St
2010,2,14,68,Ohio,Tennessee,83,6,Tennessee
2010,2,4,83,Maryland,Michigan St,85,5,Michigan St
2010,2,1,87,Syracuse,Gonzaga,65,8,Syracuse
2010,2,2,84,Kansas St,BYU,72,7,Kansas St
2010,2,3,68,Pittsburgh,Xavier,71,6,Xavier
2010,2,13,52,Murray St,Butler,54,5,Butler
2010,2,1,90,Kentucky,Wake Forest,60,9,Kentucky
2010,2,2,68,West Virginia,Missouri,59,10,West Virginia
2010,2,3,64,New Mexico,Washington,82,11,Washington
2010,2,4,69,Wisconsin,Cornell,87,12,Cornell
2010,2,1,68,Duke,California,53,8,Duke
2010,2,2,68,Villanova,St Marys,75,10,St Marys
2010,2,3,76,Baylor,Old Dominion,68,11,Baylor
2010,2,4,63,Purdue,Texas A&M,61,5,Purdue
2010,3,9,52,Northern Iowa,Michigan St,59,5,Michigan St
2010,3,2,73,Ohio St,Tennessee,76,6,Tennessee
2010,3,1,59,Syracuse,Butler,63,5,Butler
2010,3,2,101,Kansas St,Xavier,96,6,Kansas St
2010,3,1,62,Kentucky,Cornell,45,12,Kentucky
2010,3,2,69,West Virginia,Washington,56,11,West Virginia
2010,3,1,70,Duke,Purdue,57,4,Duke
2010,3,10,49,St Marys,Baylor,72,3,Baylor
2010,4,5,70,Michigan St,Tennessee,69,6,Michigan St
2010,4,5,63,Butler,Kansas St,56,2,Butler
2010,4,1,66,Kentucky,West Virginia,73,2,West Virginia
2010,4,1,78,Duke,Baylor,71,3,Duke
2010,5,5,50,Michigan St,Butler,52,5,Butler
2010,5,2,57,West Virginia,Duke,78,1,Duke
2010,6,5,59,Butler,Duke,61,1,Duke
2011,1,1,75,Ohio St,Texas San Antonio,46,16,Ohio St
2011,1,2,102,North Carolina,Long Island Brooklyn,87,15,North Carolina
2011,1,3,77,Syracuse,Indiana St,60,14,Syracuse
2011,1,4,59,Kentucky,Princeton,57,13,Kentucky
2011,1,5,84,West Virginia,Clemson,78,12,West Virginia
2011,1,6,55,Xavier,Marquette,66,11,Marquette
2011,1,7,68,Washington,Georgia,65,10,Washington
2011,1,8,61,George Mason,Villanova,57,9,George Mason
2011,1,1,87,Duke,Hampton,45,16,Duke
2011,1,2,68,San Diego St,Northern Colorado,50,15,San Diego St
2011,1,3,81,Connecticut,Bucknell,52,14,Connecticut
2011,1,4,85,Texas,Oakland,81,13,Texas
2011,1,5,77,Arizona,Memphis,75,12,Arizona
2011,1,6,78,Cincinnati,Missouri,63,11,Cincinnati
2011,1,7,66,Temple,Penn St,64,10,Temple
2011,1,8,75,Michigan,Tennessee,45,9,Michigan
2011,1,1,72,Kansas,Boston University,53,16,Kansas
2011,1,2,69,Notre Dame,Akron,56,15,Notre Dame
2011,1,3,65,Purdue,St Peters,43,14,Purdue
2011,1,4,61,Louisville,Morehead St,62,13,Morehead St
2011,1,5,66,Vanderbilt,Richmond,69,12,Richmond
2011,1,6,56,Georgetown,VCU,74,11,VCU
2011,1,7,50,Texas A&M,Florida St,57,10,Florida St
2011,1,8,62,UNLV,Illinois,73,9,Illinois
2011,1,1,74,Pittsburgh,UNC Asheville,51,16,Pittsburgh
2011,1,2,79,Florida,Santa Barbara,51,15,Florida
2011,1,3,74,BYU,Wofford,66,14,BYU
2011,1,4,72,Wisconsin,Belmont,58,13,Wisconsin
2011,1,5,73,Kansas St,Utah St,68,12,Kansas St
2011,1,6,71,St Johns,Gonzaga,86,11,Gonzaga
2011,1,7,78,UCLA,Michigan St,76,10,UCLA
2011,1,8,60,Butler,Old Dominion,58,9,Butler
2011,2,1,98,Ohio St,George Mason,66,8,Ohio St
2011,2,2,86,North Carolina,Washington,83,7,North Carolina
2011,2,3,62,Syracuse,Marquette,66,11,Marquette
2011,2,4,71,Kentucky,West Virginia,63,5,Kentucky
2011,2,1,73,Duke,Michigan,71,8,Duke
2011,2,2,71,San Diego St,Temple,64,7,San Diego St
2011,2,3,69,Connecticut,Cincinnati,58,6,Connecticut
2011,2,4,69,Texas,Arizona,70,5,Arizona
2011,2,1,73,Kansas,Illinois,59,9,Kansas
2011,2,2,57,Notre Dame,Florida St,71,10,Florida St
2011,2,3,76,Purdue,VCU,94,11,VCU
2011,2,13,48,Morehead St,Richmond,65,12,Richmond
2011,2,1,70,Pittsburgh,Butler,71,8,Butler
2011,2,2,73,Florida,UCLA,65,7,Florida
2011,2,3,89,BYU,Gonzaga,67,11,BYU
2011,2,4,70,Wisconsin,Kansas St,65,5,Wisconsin
2011,3,1,60,Ohio St,Kentucky,62,4,Kentucky
2011,3,2,81,North Carolina,Marquette,63,11,North Carolina
2011,3,1,77,Duke,Arizona,93,5,Arizona
2011,3,2,67,San Diego St,Connecticut,74,3,Connecticut
2011,3,1,77,Kansas,Richmond,57,12,Kansas
2011,3,10,71,Florida St,VCU,72,11,VCU
2011,3,8,61,Butler,Wisconsin,54,4,Butler
2011,3,2,83,Florida,BYU,74,3,Florida
2011,4,4,76,Kentucky,North Carolina,69,2,Kentucky
2011,4,5,63,Arizona,Connecticut,65,3,Connecticut
2011,4,1,61,Kansas,VCU,71,11,VCU
2011,4,8,74,Butler,Florida,71,2,Butler
2011,5,4,55,Kentucky,Connecticut,56,3,Connecticut
2011,5,11,62,VCU,Butler,70,8,Butler
2011,6,3,53,Connecticut,Butler,41,8,Connecticut
2012,1,1,81,Kentucky,Western Kentucky,66,16,Kentucky
2012,1,2,70,Duke,Lehigh,75,15,Lehigh
2012,1,3,68,Baylor,South Dakota St,60,14,Baylor
2012,1,4,79,Indiana,New Mexico St,66,13,Indiana
2012,1,5,59,Wichita St,VCU,62,12,VCU
2012,1,6,64,UNLV,Colorado,68,11,Colorado
2012,1,7,63,Notre Dame,Xavier,67,10,Xavier
2012,1,8,77,Iowa St,Connecticut,64,9,Iowa St
2012,1,1,89,Michigan St,Long Island Brooklyn,67,16,Michigan St
2012,1,2,84,Missouri,Norfolk St,86,15,Norfolk St
2012,1,3,88,Marquette,BYU,68,14,Marquette
2012,1,4,69,Louisville,Davidson,62,13,Louisville
2012,1,5,75,New Mexico,Long Beach St,68,12,New Mexico
2012,1,6,58,Murray St,Colorado St,41,11,Murray St
2012,1,7,71,Florida,Virginia,45,10,Florida
2012,1,8,54,Memphis,St Louis,61,9,St Louis
2012,1,1,72,Syracuse,UNC Asheville,65,16,Syracuse
2012,1,2,78,Ohio St,Loyola Maryland,59,15,Ohio St
2012,1,3,86,Florida St,St Bonaventure,63,14,Florida St
2012,1,4,73,Wisconsin,Montana,49,13,Wisconsin
2012,1,5,79,Vanderbilt,Harvard,70,12,Vanderbilt
2012,1,6,65,Cincinnati,Texas,59,11,Cincinnati
2012,1,7,77,Gonzaga,West Virginia,54,10,Gonzaga
2012,1,8,70,Kansas St,Southern Mississippi,64,9,Kansas St
2012,1,1,77,North Carolina,Vermont,58,16,North Carolina
2012,1,2,65,Kansas,Detroit,50,15,Kansas
2012,1,3,74,Georgetown,Belmont,59,14,Georgetown
2012,1,4,60,Michigan,Ohio,65,13,Ohio
2012,1,5,44,Temple,South Florida,58,12,South Florida
2012,1,6,65,San Diego St,NC State,79,11,NC State
2012,1,7,69,St Marys,Purdue,72,10,Purdue
2012,1,8,58,Creighton,Alabama,57,9,Creighton
2012,2,1,87,Kentucky,Iowa St,71,8,Kentucky
2012,2,15,58,Lehigh,Xavier,70,10,Xavier
2012,2,3,80,Baylor,Colorado,63,11,Baylor
2012,2,4,63,Indiana,VCU,61,12,Indiana
2012,2,1,65,Michigan St,St Louis,61,9,Michigan St
2012,2,15,50,Norfolk St,Florida,84,7,Florida
2012,2,3,62,Marquette,Murray St,53,6,Marquette
2012,2,4,59,Louisville,New Mexico,58,5,Louisville
2012,2,1,75,Syracuse,Kansas St,59,8,Syracuse
2012,2,2,73,Ohio St,Gonzaga,66,7,Ohio St
2012,2,3,56,Florida St,Cincinnati,62,6,Cincinnati
2012,2,4,60,Wisconsin,Vanderbilt,57,5,Wisconsin
2012,2,1,87,North Carolina,Creighton,73,8,North Carolina
2012,2,2,63,Kansas,Purdue,60,10,Kansas
2012,2,3,63,Georgetown,NC State,88,11,NC State
2012,2,13,62,Ohio,South Florida,56,12,Ohio
2012,3,1,102,Kentucky,Indiana,90,4,Kentucky
2012,3,10,70,Xavier,Baylor,75,3,Baylor
2012,3,1,44,Michigan St,Louisville,57,4,Louisville
2012,3,7,68,Florida,Marquette,58,3,Florida
2012,3,1,84,Syracuse,Wisconsin,83,4,Syracuse
2012,3,2,81,Ohio St,Cincinnati,66,6,Ohio St
2012,3,1,73,North Carolina,Ohio,65,13,North Carolina
2012,3,2,60,Kansas,NC State,57,11,Kansas
2012,4,1,82,Kentucky,Baylor,70,3,Kentucky
2012,4,4,72,Louisville,Florida,68,7,Louisville
2012,4,1,70,Syracuse,Ohio St,77,2,Ohio St
2012,4,1,67,North Carolina,Kansas,80,2,Kansas
2012,5,1,69,Kentucky,Louisville,61,4,Kentucky
2012,5,2,62,Ohio St,Kansas,64,2,Kansas
2012,6,1,67,Kentucky,Kansas,59,2,Kentucky
2013,1,1,79,Louisville,North Carolina A&T,48,16,Louisville
2013,1,2,73,Duke,Albany,61,15,Duke
2013,1,3,65,Michigan St,Valparaiso,54,14,Michigan St
2013,1,4,64,St Louis,New Mexico St,44,13,St Louis
2013,1,5,55,Oklahoma St,Oregon,68,12,Oregon
2013,1,6,54,Memphis,St Marys,52,11,Memphis
2013,1,7,67,Creighton,Cincinnati,63,10,Creighton
2013,1,8,84,Colorado St,Missouri,72,9,Colorado St
2013,1,1,64,Gonzaga,Southern,58,16,Gonzaga
2013,1,2,95,Ohio St,Iona,70,15,Ohio St
2013,1,3,62,New Mexico,Harvard,68,14,Harvard
2013,1,4,61,Kansas St,La Salle,63,13,La Salle
2013,1,5,46,Wisconsin,Ole Miss,57,12,Ole Miss
2013,1,6,81,Arizona,Belmont,64,11,Arizona
2013,1,7,58,Notre Dame,Iowa St,76,10,Iowa St
2013,1,8,55,Pittsburgh,Wichita St,73,9,Wichita St
2013,1,1,64,Kansas,Western Kentucky,57,16,Kansas
2013,1,2,68,Georgetown,Florida Gulf Coast,78,15,Florida Gulf Coast
2013,1,3,79,Florida,Northwestern St,47,14,Florida
2013,1,4,71,Michigan,South Dakota St,56,13,Michigan
2013,1,5,88,VCU,Akron,42,12,VCU
2013,1,6,63,UCLA,Minnesota,83,11,Minnesota
2013,1,7,70,San Diego St,Oklahoma,55,10,San Diego St
2013,1,8,78,North Carolina,Villanova,71,9,North Carolina
2013,1,1,83,Indiana,James Madison,62,16,Indiana
2013,1,2,78,Miami,Pacific,49,15,Miami
2013,1,3,59,Marquette,Davidson,58,14,Marquette
2013,1,4,81,Syracuse,Montana,34,13,Syracuse
2013,1,5,61,UNLV,California,64,12,California
2013,1,6,68,Butler,Bucknell,56,11,Butler
2013,1,7,57,Illinois,Colorado,49,10,Illinois
2013,1,8,72,NC State,Temple,76,9,Temple
2013,2,1,82,Louisville,Colorado St,56,8,Louisville
2013,2,2,66,Duke,Creighton,50,7,Duke
2013,2,3,70,Michigan St,Memphis,48,6,Michigan St
2013,2,4,57,St Louis,Oregon,74,12,Oregon
2013,2,1,70,Gonzaga,Wichita St,76,9,Wichita St
2013,2,2,78,Ohio St,Iowa St,75,10,Ohio St
2013,2,14,51,Harvard,Arizona,74,6,Arizona
2013,2,13,76,La Salle,Ole Miss,74,12,La Salle
2013,2,1,70,Kansas,North Carolina,58,8,Kansas
2013,2,15,81,Florida Gulf Coast,San Diego St,71,7,Florida Gulf Coast
2013,2,3,78,Florida,Minnesota,64,11,Florida
2013,2,4,78,Michigan,VCU,53,5,Michigan
2013,2,1,58,Indiana,Temple,52,9,Indiana
2013,2,2,63,Miami,Illinois,59,7,Miami
2013,2,3,74,Marquette,Butler,72,6,Marquette
2013,2,4,66,Syracuse,California,60,12,Syracuse
2013,3,1,77,Louisville,Oregon,69,12,Louisville
2013,3,2,71,Duke,Michigan St,61,3,Duke
2013,3,9,72,Wichita St,La Salle,58,13,Wichita St
2013,3,2,73,Ohio St,Arizona,70,6,Ohio St
2013,3,1,85,Kansas,Michigan,87,4,Michigan
2013,3,15,50,Florida Gulf Coast,Florida,62,3,Florida
2013,3,1,50,Indiana,Syracuse,61,4,Syracuse
2013,3,2,61,Miami,Marquette,71,3,Marquette
2013,4,1,85,Louisville,Duke,63,2,Louisville
2013,4,9,70,Wichita St,Ohio St,66,2,Wichita St
2013,4,4,79,Michigan,Florida,59,3,Michigan
2013,4,4,55,Syracuse,Marquette,39,3,Syracuse
2013,5,1,72,Louisville,Wichita St,68,9,Louisville
2013,5,4,61,Michigan,Syracuse,56,4,Michigan
2013,6,1,82,Louisville,Michigan,76,4,Louisville
2014,1,1,67,Florida,Albany,55,16,Florida
2014,1,2,80,Kansas,Eastern Kentucky,69,15,Kansas
2014,1,3,77,Syracuse,Western Michigan,53,14,Syracuse
2014,1,4,76,UCLA,Tulsa,59,13,UCLA
2014,1,5,75,VCU,Stephen F Austin,77,12,Stephen F Austin
2014,1,6,59,Ohio St,Dayton,60,11,Dayton
2014,1,7,53,New Mexico,Stanford,58,10,Stanford
2014,1,8,48,Colorado,Pittsburgh,77,9,Pittsburgh
2014,1,1,70,Virginia,Coastal Carolina,59,16,Virginia
2014,1,2,73,Villanova,Wisconsin Milwaukee,53,15,Villanova
2014,1,3,93,Iowa St,North Carolina Central,75,14,Iowa St
2014,1,4,93,Michigan St,Delaware,78,13,Michigan St
2014,1,5,57,Cincinnati,Harvard,61,12,Harvard
2014,1,6,79,North Carolina,Providence,77,11,North Carolina
2014,1,7,89,Connecticut,St Josephs,81,10,Connecticut
2014,1,8,71,Memphis,George Washington,66,9,Memphis
2014,1,1,88,Arizona,Weber St,59,16,Arizona
2014,1,2,75,Wisconsin,American,35,15,Wisconsin
2014,1,3,76,Creighton,Louisiana Lafayette,66,14,Creighton
2014,1,4,73,San Diego St,New Mexico St,69,13,San Diego St
2014,1,5,75,Oklahoma,North Dakota St,80,12,North Dakota St
2014,1,6,74,Baylor,Nebraska,60,11,Baylor
2014,1,7,87,Oregon,BYU,68,10,Oregon
2014,1,8,85,Gonzaga,Oklahoma St,77,9,Gonzaga
2014,1,1,64,Wichita St,Cal Poly,37,16,Wichita St
2014,1,2,57,Michigan,Wofford,40,15,Michigan
2014,1,3,71,Duke,Mercer,78,14,Mercer
2014,1,4,71,Louisville,Manhattan,64,13,Louisville
2014,1,5,83,St Louis,NC State,80,12,St Louis
2014,1,6,67,Massachusetts,Tennessee,86,11,Tennessee
2014,1,7,87,Texas,Arizona St,85,10,Texas
2014,1,8,56,Kentucky,Kansas St,49,9,Kentucky
2014,2,1,61,Florida,Pittsburgh,45,9,Florida
2014,2,2,57,Kansas,Stanford,60,10,Stanford
2014,2,3,53,Syracuse,Dayton,55,11,Dayton
2014,2,4,77,UCLA,Stephen F Austin,60,12,UCLA
2014,2,1,78,Virginia,Memphis,60,8,Virginia
2014,2,2,65,Villanova,Connecticut,77,7,Connecticut
2014,2,3,85,Iowa St,North Carolina,83,6,Iowa St
2014,2,4,80,Michigan St,Harvard,73,12,Michigan St
2014,2,1,84,Arizona,Gonzaga,81,8,Arizona
2014,2,2,85,Wisconsin,Oregon,77,7,Wisconsin
2014,2,3,55,Creighton,Baylor,85,6,Baylor
2014,2,4,63,San Diego St,North Dakota St,44,12,San Diego St
2014,2,1,76,Wichita St,Kentucky,78,8,Kentucky
2014,2,2,79,Michigan,Texas,65,7,Michigan
2014,2,14,63,Mercer,Tennessee,83,11,Tennessee
2014,2,4,66,Louisville,St Louis,51,5,Louisville
2014,3,1,79,Florida,UCLA,68,4,Florida
2014,3,10,72,Stanford,Dayton,82,11,Dayton
2014,3,1,59,Virginia,Michigan St,61,4,Michigan St
2014,3,7,81,Connecticut,Iowa St,76,3,Connecticut
2014,3,1,70,Arizona,San Diego St,64,4,Arizona
2014,3,2,69,Wisconsin,Baylor,52,6,Wisconsin
2014,3,8,74,Kentucky,Louisville,69,4,Kentucky
2014,3,2,73,Michigan,Tennessee,71,11,Michigan
2014,4,1,62,Florida,Dayton,52,11,Florida
2014,4,4,54,Michigan St,Connecticut,60,7,Connecticut
2014,4,1,63,Arizona,Wisconsin,64,2,Wisconsin
2014,4,8,75,Kentucky,Michigan,72,2,Kentucky
2014,5,1,53,Florida,Connecticut,63,7,Connecticut
2014,5,2,73,Wisconsin,Kentucky,74,8,Kentucky
2014,6,7,60,Connecticut,Kentucky,54,8,Connecticut
2015,1,1,79,Kentucky,Hampton,56,16,Kentucky
2015,1,2,75,Kansas,New Mexico St,56,15,Kansas
2015,1,3,69,Notre Dame,Northeastern,65,14,Notre Dame
2015,1,4,65,Maryland,Valparaiso,62,13,Maryland
2015,1,5,68,West Virginia,Buffalo,62,12,West Virginia
2015,1,6,56,Butler,Texas,48,11,Butler
2015,1,7,81,Wichita St,Indiana,76,10,Wichita St
2015,1,8,66,Cincinnati,Purdue,65,9,Cincinnati
2015,1,1,86,Wisconsin,Coastal Carolina,72,16,Wisconsin
2015,1,2,93,Arizona,Texas Southern,72,15,Arizona
2015,1,3,56,Baylor,Georgia St,57,14,Georgia St
2015,1,4,67,North Carolina,Harvard,65,13,North Carolina
2015,1,5,56,Arkansas,Wofford,53,12,Arkansas
2015,1,6,76,Xavier,Ole Miss,57,11,Xavier
2015,1,7,72,VCU,Ohio St,75,10,Ohio St
2015,1,8,79,Oregon,Oklahoma St,73,9,Oregon
2015,1,1,93,Villanova,Lafayette,52,16,Villanova
2015,1,2,79,Virginia,Belmont,67,15,Virginia
2015,1,3,69,Oklahoma,Albany,60,14,Oklahoma
2015,1,4,57,Louisville,Cal Irvine,55,13,Louisville
2015,1,5,71,Northern Iowa,Wyoming,54,12,Northern Iowa
2015,1,6,53,Providence,Dayton,66,11,Dayton
2015,1,7,70,Michigan St,Georgia,63,10,Michigan St
2015,1,8,66,NC State,LSU,65,9,NC State
2015,1,1,85,Duke,Robert Morris,56,16,Duke
2015,1,2,86,Gonzaga,North Dakota St,76,15,Gonzaga
2015,1,3,59,Iowa St,UAB,60,14,UAB
2015,1,4,84,Georgetown,Eastern Washington,74,13,Georgetown
2015,1,5,57,Utah,Stephen F Austin,50,12,Utah
2015,1,6,59,SMU,UCLA,60,11,UCLA
2015,1,7,83,Iowa,Davidson,52,10,Iowa
2015,1,8,76,San Diego St,St Johns,64,9,San Diego St
2015,2,1,64,Kentucky,Cincinnati,51,8,Kentucky
2015,2,2,65,Kansas,Wichita St,78,7,Wichita St
2015,2,3,67,Notre Dame,Butler,64,6,Notre Dame
2015,2,4,59,Maryland,West Virginia,69,5,West Virginia
2015,2,1,72,Wisconsin,Oregon,65,8,Wisconsin
2015,2,2,73,Arizona,Ohio St,58,10,Arizona
2015,2,14,67,Georgia St,Xavier,75,6,Xavier
2015,2,4,87,North Carolina,Arkansas,78,5,North Carolina
2015,2,1,68,Villanova,NC State,71,8,NC State
2015,2,2,54,Virginia,Michigan St,60,7,Michigan St
2015,2,3,72,Oklahoma,Dayton,66,11,Oklahoma
2015,2,4,66,Louisville,Northern Iowa,53,5,Louisville
2015,2,1,68,Duke,San Diego St,49,8,Duke
2015,2,2,87,Gonzaga,Iowa,68,7,Gonzaga
2015,2,14,75,UAB,UCLA,92,11,UCLA
2015,2,4,64,Georgetown,Utah,75,5,Utah
2015,3,1,78,Kentucky,West Virginia,39,5,Kentucky
2015,3,7,70,Wichita St,Notre Dame,81,3,Notre Dame
2015,3,1,79,Wisconsin,North Carolina,72,4,Wisconsin
2015,3,2,68,Arizona,Xavier,60,6,Arizona
2015,3,8,65,NC State,Louisville,75,4,Louisville
2015,3,7,62,Michigan St,Oklahoma,58,3,Michigan St
2015,3,1,63,Duke,Utah,57,5,Duke
2015,3,2,74,Gonzaga,UCLA,62,11,Gonzaga
2015,4,1,68,Kentucky,Notre Dame,66,3,Kentucky
2015,4,1,85,Wisconsin,Arizona,78,2,Wisconsin
2015,4,4,70,Louisville,Michigan St,76,7,Michigan St
2015,4,1,66,Duke,Gonzaga,52,2,Duke
2015,5,1,64,Kentucky,Wisconsin,71,1,Wisconsin
2015,5,7,61,Michigan St,Duke,81,1,Duke
2015,6,1,63,Wisconsin,Duke,68,1,Duke
2016,1,1,105,Kansas,Austin Peay,79,16,Kansas
2016,1,2,86,Villanova,UNC Asheville,56,15,Villanova
2016,1,3,79,Miami,Buffalo,72,14,Miami
2016,1,4,66,California,Hawaii,77,13,Hawaii
2016,1,5,79,Maryland,South Dakota St,74,12,Maryland
2016,1,6,55,Arizona,Wichita St,65,11,Wichita St
2016,1,7,72,Iowa,Temple,70,10,Iowa
2016,1,8,67,Colorado,Connecticut,74,9,Connecticut
2016,1,1,91,Oregon,Holy Cross,52,16,Oregon
2016,1,2,82,Oklahoma,Cal St Bakersfield,68,15,Oklahoma
2016,1,3,92,Texas A&M,Wisconsin Green Bay,65,14,Texas A&M
2016,1,4,93,Duke,UNC Wilmington,85,13,Duke
2016,1,5,75,Baylor,Yale,79,12,Yale
2016,1,6,72,Texas,Northern Iowa,75,11,Northern Iowa
2016,1,7,67,Oregon St,VCU,75,10,VCU
2016,1,8,78,St Josephs,Cincinnati,76,9,St Josephs
2016,1,1,83,North Carolina,Florida Gulf Coast,67,16,North Carolina
2016,1,2,71,Xavier,Weber St,53,15,Xavier
2016,1,3,56,West Virginia,Stephen F Austin,70,14,Stephen F Austin
2016,1,4,85,Kentucky,Stony Brook,57,13,Kentucky
2016,1,5,99,Indiana,Chattanooga,74,12,Indiana
2016,1,6,70,Notre Dame,Michigan,63,11,Notre Dame
2016,1,7,47,Wisconsin,Pittsburgh,43,10,Wisconsin
2016,1,8,69,USC,Providence,70,9,Providence
2016,1,1,81,Virginia,Hampton,45,16,Virginia
2016,1,2,81,Michigan St,Middle Tennessee St,90,15,Middle Tennessee St
2016,1,3,80,Utah,Fresno St,69,14,Utah
2016,1,4,94,Iowa St,Iona,81,13,Iowa St
2016,1,5,83,Purdue,Arkansas Little Rock,85,12,Arkansas Little Rock
2016,1,6,52,Seton Hall,Gonzaga,68,11,Gonzaga
2016,1,7,51,Dayton,Syracuse,70,10,Syracuse
2016,1,8,61,Texas Tech,Butler,71,9,Butler
2016,2,1,73,Kansas,Connecticut,61,9,Kansas
2016,2,2,87,Villanova,Iowa,68,7,Villanova
2016,2,3,65,Miami,Wichita St,57,11,Miami
2016,2,13,60,Hawaii,Maryland,73,5,Maryland
2016,2,1,69,Oregon,St Josephs,64,8,Oregon
2016,2,2,85,Oklahoma,VCU,81,10,Oklahoma
2016,2,3,92,Texas A&M,Northern Iowa,88,11,Texas A&M
2016,2,4,71,Duke,Yale,64,12,Duke
2016,2,1,85,North Carolina,Providence,66,9,North Carolina
2016,2,2,63,Xavier,Wisconsin,66,7,Wisconsin
2016,2,14,75,Stephen F Austin,Notre Dame,76,6,Notre Dame
2016,2,4,67,Kentucky,Indiana,73,5,Indiana
2016,2,1,77,Virginia,Butler,69,9,Virginia
2016,2,15,50,Middle Tennessee St,Syracuse,75,10,Syracuse
2016,2,3,59,Utah,Gonzaga,82,11,Gonzaga
2016,2,4,78,Iowa St,Arkansas Little Rock,61,12,Iowa St
2016,3,1,79,Kansas,Maryland,63,5,Kansas
2016,3,2,92,Villanova,Miami,69,3,Villanova
2016,3,1,82,Oregon,Duke,68,4,Oregon
2016,3,2,77,Oklahoma,Texas A&M,63,3,Oklahoma
2016,3,1,101,North Carolina,Indiana,86,5,North Carolina
2016,3,7,56,Wisconsin,Notre Dame,61,6,Notre Dame
2016,3,1,84,Virginia,Iowa St,71,4,Virginia
2016,3,10,63,Syracuse,Gonzaga,60,11,Syracuse
2016,4,1,59,Kansas,Villanova,64,2,Villanova
2016,4,1,68,Oregon,Oklahoma,80,2,Oklahoma
2016,4,1,88,North Carolina,Notre Dame,74,6,North Carolina
2016,4,1,62,Virginia,Syracuse,68,10,Syracuse
2016,5,2,95,Villanova,Oklahoma,51,2,Villanova
2016,5,1,83,North Carolina,Syracuse,66,10,North Carolina
2016,6,2,77,Villanova,North Carolina,74,1,Villanova
2017,1,1,76,Villanova,Mount St Marys,56,16,Villanova
2017,1,2,87,Duke,Troy,65,15,Duke
2017,1,3,91,Baylor,New Mexico St,73,14,Baylor
2017,1,4,80,Florida,East Tennessee St,65,13,Florida
2017,1,5,76,Virginia,UNC Wilmington,71,12,Virginia
2017,1,6,65,SMU,USC,66,11,USC
2017,1,7,93,South Carolina,Marquette,73,10,South Carolina
2017,1,8,84,Wisconsin,Virginia Tech,74,9,Wisconsin
2017,1,1,66,Gonzaga,South Dakota St,46,16,Gonzaga
2017,1,2,100,Arizona,North Dakota,82,15,Arizona
2017,1,3,86,Florida St,Florida Gulf Coast,80,14,Florida St
2017,1,4,86,West Virginia,Bucknell,80,13,West Virginia
2017,1,5,60,Notre Dame,Princeton,58,12,Notre Dame
2017,1,6,65,Maryland,Xavier,76,11,Xavier
2017,1,7,85,St Marys,VCU,77,10,St Marys
2017,1,8,68,Northwestern,Vanderbilt,66,9,Northwestern
2017,1,1,100,Kansas,UC Davis,62,16,Kansas
2017,1,2,78,Louisville,Jacksonville St,63,15,Louisville
2017,1,3,93,Oregon,Iona,77,14,Oregon
2017,1,4,80,Purdue,Vermont,70,13,Purdue
2017,1,5,84,Iowa St,Nevada,73,12,Iowa St
2017,1,6,72,Creighton,Rhode Island,84,11,Rhode Island
2017,1,7,92,Michigan,Oklahoma St,91,10,Michigan
2017,1,8,58,Miami,Michigan St,78,9,Michigan St
2017,1,1,103,North Carolina,Texas Southern,64,16,North Carolina
2017,1,2,79,Kentucky,Northern Kentucky,70,15,Kentucky
2017,1,3,97,UCLA,Kent St,80,14,UCLA
2017,1,4,76,Butler,Winthrop,64,13,Butler
2017,1,5,72,Minnesota,Middle Tennessee St,81,12,Middle Tennessee St
2017,1,6,75,Cincinnati,Kansas St,61,11,Cincinnati
2017,1,7,58,Dayton,Wichita St,64,10,Wichita St
2017,1,8,77,Arkansas,Seton Hall,71,9,Arkansas
2017,2,1,62,Villanova,Wisconsin,65,8,Wisconsin
2017,2,2,81,Duke,South Carolina,88,7,South Carolina
2017,2,3,82,Baylor,USC,78,11,Baylor
2017,2,4,65,Florida,Virginia,39,5,Florida
2017,2,1,79,Gonzaga,Northwestern,73,8,Gonzaga
2017,2,2,69,Arizona,St Marys,60,7,Arizona
2017,2,3,66,Florida St,Xavier,91,11,Xavier
2017,2,4,83,West Virginia,Notre Dame,71,5,West Virginia
2017,2,1,90,Kansas,Michigan St,70,9,Kansas
2017,2,2,69,Louisville,Michigan,73,7,Michigan
2017,2,3,75,Oregon,Rhode Island,72,11,Oregon
2017,2,4,80,Purdue,Iowa St,76,5,Purdue
2017,2,1,72,North Carolina,Arkansas,65,8,North Carolina
2017,2,2,65,Kentucky,Wichita St,62,10,Kentucky
2017,2,3,79,UCLA,Cincinnati,67,6,UCLA
2017,2,4,74,Butler,Middle Tennessee St,65,12,Butler
2017,3,8,83,Wisconsin,Florida,84,4,Florida
2017,3,7,70,South Carolina,Baylor,50,3,South Carolina
2017,3,1,61,Gonzaga,West Virginia,58,4,Gonzaga
2017,3,2,71,Arizona,Xavier,73,11,Xavier
2017,3,1,98,Kansas,Purdue,66,4,Kansas
2017,3,7,68,Michigan,Oregon,69,3,Oregon
2017,3,1,92,North Carolina,Butler,80,4,North Carolina
2017,3,2,86,Kentucky,UCLA,75,3,Kentucky
2017,4,4,70,Florida,South Carolina,77,7,South Carolina
2017,4,1,83,Gonzaga,Xavier,59,11,Gonzaga
2017,4,1,60,Kansas,Oregon,74,3,Oregon
2017,4,1,75,North Carolina,Kentucky,73,2,North Carolina
2017,5,7,73,South Carolina,Gonzaga,77,1,Gonzaga
2017,5,3,76,Oregon,North Carolina,77,1,North Carolina
2017,6,1,65,Gonzaga,North Carolina,71,1,North Carolina
2018,1,1,54,Virginia,UMBC,74,16,UMBC
2018,1,2,68,Cincinnati,Georgia St,53,15,Cincinnati
2018,1,3,73,Tennessee,Wright St,47,14,Tennessee
2018,1,4,68,Arizona,Buffalo,89,13,Buffalo
2018,1,5,78,Kentucky,Davidson,73,12,Kentucky
2018,1,6,62,Miami,Loyola Chicago,64,11,Loyola Chicago
2018,1,7,87,Nevada,Texas,83,10,Nevada
2018,1,8,59,Creighton,Kansas St,69,9,Kansas St
2018,1,1,102,Xavier,Texas Southern,83,16,Xavier
2018,1,2,84,North Carolina,Lipscomb,66,15,North Carolina
2018,1,3,61,Michigan,Montana,47,14,Michigan
2018,1,4,68,Gonzaga,UNC Greensboro,64,13,Gonzaga
2018,1,5,81,Ohio St,South Dakota St,73,12,Ohio St
2018,1,6,67,Houston,San Diego St,65,11,Houston
2018,1,7,73,Texas A&M,Providence,69,10,Texas A&M
2018,1,8,54,Missouri,Florida St,67,9,Florida St
2018,1,1,87,Villanova,Radford,61,16,Villanova
2018,1,2,74,Purdue,Cal St Fullerton,48,15,Purdue
2018,1,3,70,Texas Tech,Stephen F Austin,60,14,Texas Tech
2018,1,4,75,Wichita St,Marshall,81,13,Marshall
2018,1,5,85,West Virginia,Murray St,68,12,West Virginia
2018,1,6,77,Florida,St Bonaventure,62,11,Florida
2018,1,7,62,Arkansas,Butler,79,10,Butler
2018,1,8,83,Virginia Tech,Alabama,86,9,Alabama
2018,1,1,76,Kansas,Pennsylvania,60,16,Kansas
2018,1,2,89,Duke,Iona,67,15,Duke
2018,1,3,82,Michigan St,Bucknell,78,14,Michigan St
2018,1,4,62,Auburn,College of Charleston,58,13,Auburn
2018,1,5,79,Clemson,New Mexico St,68,12,Clemson
2018,1,6,52,TCU,Syracuse,57,11,Syracuse
2018,1,7,83,Rhode Island,Oklahoma,78,10,Rhode Island
2018,1,8,94,Seton Hall,NC State,83,9,Seton Hall
2018,2,16,43,UMBC,Kansas St,50,9,Kansas St
2018,2,2,73,Cincinnati,Nevada,75,7,Nevada
2018,2,3,62,Tennessee,Loyola Chicago,63,11,Loyola Chicago
2018,2,13,75,Buffalo,Kentucky,95,5,Kentucky
2018,2,1,70,Xavier,Florida St,75,9,Florida St
2018,2,2,65,North Carolina,Texas A&M,86,7,Texas A&M
2018,2,3,64,Michigan,Houston,63,6,Michigan
2018,2,4,90,Gonzaga,Ohio St,84,5,Gonzaga
2018,2,1,81,Villanova,Alabama,58,9,Villanova
2018,2,2,76,Purdue,Butler,73,10,Purdue
2018,2,3,69,Texas Tech,Florida,66,6,Texas Tech
2018,2,13,71,Marshall,West Virginia,94,5,West Virginia
2018,2,1,83,Kansas,Seton Hall,79,8,Kansas
2018,2,2,87,Duke,Rhode Island,62,7,Duke
2018,2,3,53,Michigan St,Syracuse,55,11,Syracuse
2018,2,4,53,Auburn,Clemson,84,5,Clemson
2018,3,9,61,Kansas St,Kentucky,58,5,Kansas St
2018,3,7,68,Nevada,Loyola Chicago,69,11,Loyola Chicago
2018,3,9,75,Florida St,Gonzaga,60,4,Florida St
2018,3,7,72,Texas A&M,Michigan,99,3,Michigan
2018,3,1,90,Villanova,West Virginia,78,5,Villanova
2018,3,2,65,Purdue,Texas Tech,78,3,Texas Tech
2018,3,1,80,Kansas,Clemson,76,5,Kansas
2018,3,2,69,Duke,Syracuse,65,11,Duke
2018,4,9,62,Kansas St,Loyola Chicago,78,11,Loyola Chicago
2018,4,9,54,Florida St,Michigan,58,3,Michigan
2018,4,1,71,Villanova,Texas Tech,59,3,Villanova
2018,4,1,85,Kansas,Duke,81,2,Kansas
2018,5,11,57,Loyola Chicago,Michigan,69,3,Michigan
2018,5,1,95,Villanova,Kansas,79,1,Villanova
2018,6,3,62,Michigan,Villanova,79,1,Villanova
2019,1,1,85,Duke,North Dakota St,62,16,Duke
2019,1,2,76,Michigan St,Bradley,65,15,Michigan St
2019,1,3,79,LSU,Yale,74,14,LSU
2019,1,4,66,Virginia Tech,St Louis,52,13,Virginia Tech
2019,1,5,76,Mississippi St,Liberty,80,12,Liberty
2019,1,6,79,Maryland,Belmont,77,11,Maryland
2019,1,7,76,Louisville,Minnesota,86,10,Minnesota
2019,1,8,58,VCU,Central Florida,73,9,Central Florida
2019,1,1,87,Gonzaga,Fairleigh Dickinson,49,16,Gonzaga
2019,1,2,74,Michigan,Montana,55,15,Michigan
2019,1,3,72,Texas Tech,Northern Kentucky,57,14,Texas Tech
2019,1,4,76,Florida St,Vermont,69,13,Florida St
2019,1,5,64,Marquette,Murray St,83,12,Murray St
2019,1,6,91,Buffalo,Arizona St,74,11,Buffalo
2019,1,7,61,Nevada,Florida,70,10,Florida
2019,1,8,69,Syracuse,Baylor,78,9,Baylor
2019,1,1,71,Virginia,Gardner Webb,56,16,Virginia
2019,1,2,77,Tennessee,Colgate,70,15,Tennessee
2019,1,3,61,Purdue,Old Dominion,48,14,Purdue
2019,1,4,64,Kansas St,UC Irvine,70,13,UC Irvine
2019,1,5,54,Wisconsin,Oregon,72,12,Oregon
2019,1,6,61,Villanova,St Marys,57,11,Villanova
2019,1,7,72,Cincinnati,Iowa,79,10,Iowa
2019,1,8,72,Ole Miss,Oklahoma,95,9,Oklahoma
2019,1,1,88,North Carolina,Iona,73,16,North Carolina
2019,1,2,79,Kentucky,Abilene Christian,44,15,Kentucky
2019,1,3,84,Houston,Georgia St,55,14,Houston
2019,1,4,87,Kansas,Northeastern,53,13,Kansas
2019,1,5,78,Auburn,New Mexico St,77,12,Auburn
2019,1,6,59,Iowa St,Ohio St,62,11,Ohio St
2019,1,7,84,Wofford,Seton Hall,68,10,Wofford
2019,1,8,61,Utah St,Washington,78,9,Washington
2019,2,1,77,Duke,Central Florida,76,9,Duke
2019,2,2,70,Michigan St,Minnesota,50,10,Michigan St
2019,2,3,69,LSU,Maryland,67,6,LSU
2019,2,4,67,Virginia Tech,Liberty,58,12,Virginia Tech
2019,2,1,83,Gonzaga,Baylor,71,9,Gonzaga
2019,2,2,64,Michigan,Florida,49,10,Michigan
2019,2,3,78,Texas Tech,Buffalo,58,6,Texas Tech
2019,2,4,90,Florida St,Murray St,62,12,Florida St
2019,2,1,63,Virginia,Oklahoma,51,9,Virginia
2019,2,2,83,Tennessee,Iowa,77,10,Tennessee
2019,2,3,87,Purdue,Villanova,61,6,Purdue
2019,2,13,54,UC Irvine,Oregon,73,12,Oregon
2019,2,1,81,North Carolina,Washington,59,9,North Carolina
2019,2,2,62,Kentucky,Wofford,56,7,Kentucky
2019,2,3,74,Houston,Ohio St,59,11,Houston
2019,2,4,75,Kansas,Auburn,89,5,Auburn
2019,3,1,75,Duke,Virginia Tech,73,4,Duke
2019,3,2,80,Michigan St,LSU,63,3,Michigan St
2019,3,1,72,Gonzaga,Florida St,58,4,Gonzaga
2019,3,2,44,Michigan,Texas Tech,63,3,Texas Tech
2019,3,1,53,Virginia,Oregon,49,12,Virginia
2019,3,2,94,Tennessee,Purdue,99,3,Purdue
2019,3,1,80,North Carolina,Auburn,97,5,Auburn
2019,3,2,62,Kentucky,Houston,58,3,Kentucky
2019,4,1,67,Duke,Michigan St,68,2,Michigan St
2019,4,1,69,Gonzaga,Texas Tech,75,3,Texas Tech
2019,4,1,80,Virginia,Purdue,75,3,Virginia
2019,4,5,77,Auburn,Kentucky,71,2,Auburn
2019,5,2,51,Michigan St,Texas Tech,61,3,Texas Tech
2019,5,1,63,Virginia,Auburn,62,5,Virginia
2019,6,3,77,Texas Tech,Virginia,85,1,Virginia
2021,1,16,60,Texas Southern,Mount St Marys,52,16,
2021,1,16,53,Appalacian St,Norfolk St,54,16,
2021,1,11,53,Drake,Wichita St,52,11,
2021,1,11,86,UCLA,Michigan St,80,11,
2021,1,7,75,Florida,Virginia Tech,70,10,
2021,1,3,85,Arkansas,Colgate,68,14,
2021,1,1,78,Illinois,Drexel,49,16,
2021,1,6,65,Texas Tech,Utah St,53,11,
2021,1,2,72,Ohio St,Oral Roberts,75,15,
2021,1,1,79,Baylor,Hartford,55,16,
2021,1,8,71,Loyola Chicago,Georgia Tech,60,9,
2021,1,5,56,Tennessee,Oregon St,70,12,
2021,1,4,69,Oklahoma St,Liberty,60,13,
2021,1,8,62,North Carolina,Wisconsin,85,9,
2021,1,2,87,Houston,Cleveland St,56,15,
2021,1,4,69,Purdue,North Texas,78,13,
2021,1,7,56,Clemson,Rutgers,60,10,
2021,1,6,62,San Diego St,Syracuse,78,11,
2021,1,5,73,Villanova,Winthrop,63,12,
2021,1,3,84,West Virginia,Morehead St,67,14,
2021,1,5,96,Colorado,Georgetown,73,12,
2021,1,4,64,Florida St,UNC Greensboro,54,13,
2021,1,3,93,Kansas,Eastern Washington,84,14,
2021,1,8,76,LSU,St Bonaventure,61,9,
2021,1,1,82,Michigan,Texas Southern,66,16,
2021,1,5,63,Creighton,UC Santa Barbara,62,12,
2021,1,2,68,Alabama,Iona,55,15,
2021,1,6,72,USC,Drake,56,11,
2021,1,2,86,Iowa,Grand Canyon,74,15,
2021,1,7,54,Connecticut,Maryland,63,10,
2021,1,4,58,Virginia,Ohio,62,13,
2021,1,8,72,Oklahoma,Missouri,68,9,
2021,1,1,98,Gonzaga,Norfolk St,55,16,
2021,1,6,62,BYU,UCLA,73,11,
2021,1,3,52,Texas,Abilene Christian,53,14,
2021,2,1,58,Illinois,Loyola Chicago,71,8,
2021,2,1,76,Baylor,Wisconsin,63,9,
2021,2,3,72,West Virginia,Syracuse,75,11,
2021,2,3,68,Arkansas,Texas Tech,66,6,
2021,2,2,63,Houston,Rutgers,60,10,
2021,2,7,78,Florida,Oral Roberts,81,15,
2021,2,5,84,Villanova,North Texas,61,13,
2021,2,4,70,Oklahoma St,Oregon St,80,12,
2021,2,2,80,Iowa,Oregon,95,7,
2021,2,1,87,Gonzaga,Oklahoma,71,8,
2021,2,11,67,UCLA,Abilene Christian,47,14,
2021,2,5,72,Creighton,Ohio,58,13,
2021,2,1,86,Michigan,LSU,78,8,
2021,2,4,71,Florida St,Colorado,53,5,
2021,2,2,96,Alabama,Maryland,77,10,
2021,2,3,51,Kansas,USC,85,6,
2021,3,8,58,Loyola Chicago,Oregon St,65,12,
2021,3,1,62,Baylor,Villanova,51,5,
2021,3,3,72,Arkansas,Oral Roberts,70,15,
2021,3,2,62,Houston,Syracuse,46,11,
2021,3,1,83,Gonzaga,Creighton,65,5,
2021,3,1,76,Michigan,Florida St,58,4,
2021,3,2,78,Alabama,UCLA,88,11,
2021,3,6,82,USC,Oregon,68,7,
2021,4,2,67,Houston,Oregon St,61,12,
2021,4,1,85,Gonzaga,USC,66,6,
2021,4,1,49,Michigan,UCLA,51,11,
2021,4,1,81,Baylor,Arkansas,72,11,
2021,5,1,78,Baylor,Houston,59,2,
2021,5,1,93,Gonzaga,UCLA,90,11,
2021,6,1,86,Baylor,Gonzaga,70,1,
